scenario,fulfillment_median,fulfillment_p10,fulfillment_p90,earnings_median,margin_median,service_median
balanced_incentive,0.9246790956145328,0.8412359562143605,0.9440906677865153,45.16453074641636,59165592.85559095,0.9012388901768495
baseline,0.8866070020579809,0.6606789581141747,0.9327553324194477,41.33785011955144,55557055.60227706,0.8467322264256403
higher_base_pay,0.8871457219939385,0.8090285689701726,0.9183337197326598,46.02425537323803,47851185.9435399,0.8471685104740497
peak_bonus,0.9281095254276538,0.73660506561929,0.9643622070039151,41.34909157567898,54698673.73613529,0.9121769722801385
surge_pricing,0.8432740086870857,0.7361416249348074,0.9432027378019257,50.392163310773896,74265842.0328991,0.7537806194749345
